step	dice_multi
0	0.4954890964900711
1	0.4954890964900711
2	0.6671391161787998
3	0.8449519200347648
4	0.8474848579281888
5	0.8437537719711552
6	0.8559398305042537
7	0.8452236092964956
8	0.8452360406928832
