step	dice_multi
0	0.4954890964900711
1	0.4954890964900711
2	0.8083003785712604
3	0.8525678871707265
4	0.8458240479986943
5	0.8630328425019439
6	0.8529197275798828
7	0.8650471423813444
8	0.8649171308221575
