step	loss
0	0.3945346176624298
1	0.29815489053726196
2	0.14779646694660187
3	0.12632551789283752
4	0.11287662386894226
5	0.10141153633594513
6	0.09716655313968658
7	0.095278300344944
8	0.09488452970981598
