step	loss
0	0.24432328343391418
1	0.0843060165643692
2	0.05530977249145508
3	0.04050648584961891
4	0.03494924306869507
5	0.036344897001981735
6	0.03528190404176712
7	0.03507136553525925
8	0.035058774054050446
