step	loss
0	0.2442077249288559
1	0.08145702630281448
2	0.04570796340703964
3	0.035302210599184036
4	0.03553278371691704
5	0.032532405108213425
6	0.03257890045642853
7	0.030594071373343468
8	0.030699195340275764
