step	loss
0	0.3402248024940491
1	0.10037095844745636
2	0.07613082230091095
3	0.05854186415672302
4	0.047540199011564255
5	0.04035796597599983
6	0.03543238714337349
7	0.03157567232847214
8	0.028728624805808067
