step	loss
0	0.29059621691703796
1	0.10976357012987137
2	0.08945612609386444
3	0.07051638513803482
4	0.05767573043704033
5	0.048969872295856476
6	0.042951278388500214
7	0.03846064582467079
8	0.03513532876968384
