{
    "train": {
        "loss": 0.028728624805808067
    },
    "eval": {
        "loss": 0.030699195340275764
    },
    "dice_multi": 0.8649171308221575,
    "step": 8
}
