{
    "train": {
        "loss": 0.13151538372039795
    },
    "eval": {
        "loss": 0.09488452970981598
    },
    "dice_multi": 0.4954890964900711,
    "step": 8
}
