{
    "train": {
        "loss": 0.03513532876968384
    },
    "eval": {
        "loss": 0.035058774054050446
    },
    "dice_multi": 0.8452360406928832,
    "step": 8
}
